{
	"EnemyKinds":"人族",
  "Enemys": [
     {
      "Id": 0,
      "Name": "活靶子",
      "Attack": 0,
      "Health": 100000,
      "LoadPath": "Prefabs\\Priest",
      "Explain": "一个训练用怪"
    },
    {
      "Id": 1,
      "Name": "小魔法师",
      "Attack": 50,
      "Health": 1000,
      "LoadPath": "Prefabs\\Magician",
      "Explain": "一个新手怪"
    },
    {
      "Id": 2,
      "Name": "魔法师",
      "Attack": 100,
      "Health": 1200,
      "LoadPath": "Prefabs\\Magician",
      "Explain": "一个攻击略高的新手怪"
    }
  ]
}