{
	"eq":"装备",
	"e1":[
		{
			"Id":1,
      "Name": "木刀",
      "Attack": 5,//攻击力
      "Rarity": 1,//品质
      "Price": 10,//价格
      "Explain": "一把普通的木刀,一折即断."
		},
		{
			"Id":2,
      "Name": "菜刀",
      "Attack": 10,
      "Rarity": 1,
      "Price": 10,
      "Explain": "普通的菜刀,随处可见."
		},
		{
			"Id":3,
      "Name": "剪刀",
      "Attack": 15,
      "Rarity": 1,
      "Price": 10,
      "Explain": "王麻子剪刀"
		},
		{
			"Id":4,
      "Name": "柴刀",
      "Attack": 20,
      "Rarity": 1,
      "Price": 10,
      "Explain": "柴刀"
		},
		{
			"Id":5,
      "Name": "铁刀",
      "Attack": 25,
      "Rarity": 1,
      "Price": 10,
      "Explain": "铁刀"
		},
    {
      "Id":6,
      "Name": "大铁刀",
      "Attack": 30,
      "Rarity": 1,
      "Price": 10,
      "Explain": "大的铁刀"
    },
    {
      "Id":7,
      "Name": "金刀",
      "Attack": 35,
      "Rarity": 2,
      "Price": 10,
      "Explain": "镀了金的铁刀"
    },
    {
      "Id":8,
      "Name": "大砍刀",
      "Attack": 40,
      "Rarity": 3,
      "Price": 10,
      "Explain": "大的砍刀"
    },
    {
      "Id":9,
      "Name": "NB刀",
      "Attack": 45,
      "Rarity": 3,
      "Price": 10,
      "Explain": "目前此游戏最强武器"
    }
	]
}