{
	"MapName":"地图一",
  "MapPots": [
    {
      "Id": -1,
      "Name": "练习关卡",
      "Enemys": [
        {
          "Id": 0,
          "Attack": 0,
          "Health": 100000
        }
      ],
      "Stuffs": [
      ],
      "Words": [
        0,
        3
      ],
      "Explain": "练习关卡"
    },
    {
      "Id": 0,
      "Name": "关卡一",
      "Enemys": [
        {
          "Id": 1,
          "Attack": 100,
          "Health": 1000
        }
      ],
      "Stuffs": [
        {
          "Kind": 1,
          "Id": 1,
          "Number": 1
        },
        {
          "Kind": 1,
          "Id": 2,
          "Number": 1
        }
      ],
      "Words": [
        0,
        4
      ],
      "Explain": "新手关卡"
    },
    {
      "Id": 1,
      "Name": "关卡二",
      "Enemys": [
        {
          "Id": 2,
          "Attack": 15,
          "Health": 100
        },
        {
          "Id": 1,
          "Attack": 10,
          "Health": 100
        },

        {
          "Id": 1,
          "Attack": 10,
          "Health": 100
        }
      ],
      "Stuffs": [
        {
          "Kind": 1,
          "Id": 1,
          "Number": 1
        }
      ],
      "Words": [
        5,
        10
      ],
      "Explain": "第二个新手关卡"
    }
  ]
}