{
	"Name":"胸前小红花",
	"Gold":307,
	"Diamonds":0,
	"Stuffs":[
		{
			"Kind":1,
			"Id":1,
			"Name":"",
			"Level":0,
			"Other":"",
			"Price":0,
			"Explain":"",
			"Number":31,
			"LoadPath":""
		},
		{
			"Kind":2,
			"Id":2,
			"Name":"",
			"Level":0,
			"Other":"Attack:800;Hp:100",
			"Price":0,
			"Explain":"",
			"Number":-3,
			"LoadPath":""
		},
		{
			"Kind":1,
			"Id":2,
			"Name":"武器碎片",
			"Level":3,
			"Other":"",
			"Price":1000,
			"Explain":"武器碎片，可以在商店兑换装备",
			"Number":719,
			"LoadPath":"Stuffs\\Other\\img_MF"
		},
		{
			"Kind":2,
			"Id":1,
			"Name":"木剑",
			"Level":1,
			"Other":"Attack:100;Hp:100",
			"Price":100,
			"Explain":"一把普通的木剑，随处可见",
			"Number":-2,
			"LoadPath":"Stuffs\\Eq\\Weaponicon\\beauty_type_1002"
		}
	],
	"Attribute":{
		"Attack":100,
		"Health":100,
		"WordEnergy":0,
		"Skills":[
			{
				"Id":0,
				"Name":"",
				"Damage":0,
				"Energy":0,
				"GroupUp":0,
				"Explain":"",
				"Level":1
			},
			{
				"Id":1,
				"Name":"",
				"Damage":0,
				"Energy":0,
				"GroupUp":0,
				"Explain":"",
				"Level":2
			},
			{
				"Id":2,
				"Name":"",
				"Damage":0,
				"Energy":0,
				"GroupUp":0,
				"Explain":"",
				"Level":1
			},
			{
				"Id":3,
				"Name":"",
				"Damage":0,
				"Energy":0,
				"GroupUp":0,
				"Explain":"",
				"Level":1
			}
		]
	},
	"Map":[
		0,
		1
	],
	"Words":[
		{
			"Eword":"hello",
			"Cword":"你好"
		},
		{
			"Eword":"world",
			"Cword":"世界"
		},
		{
			"Eword":"apple",
			"Cword":"苹果"
		},
		{
			"Eword":"banana",
			"Cword":"香蕉"
		},
		{
			"Eword":"time",
			"Cword":"时间"
		},
		{
			"Eword":"human",
			"Cword":"人类"
		},
		{
			"Eword":"cat",
			"Cword":"猫"
		},
		{
			"Eword":"dog",
			"Cword":"狗"
		}
	]
}