{
  "SkillsFrom": "玩家技能",
	"Skills":[
    {
      "Id": 0,
      "Name": "普通攻击",
      "Damage": 1,
      "Energy": 1,
      "GroupUp": 0,
      "Explain": "普通的攻击"
    },
    {
      "Id": 1,
      "Name": "群攻",
      "Damage": 1,
      "Energy": 2,
      "GroupUp": 0.25,
      "Explain": "群体攻击"
    },
    {
      "Id": 2,
      "Name": "单攻",
      "Damage": 1,
      "Energy": 2,
      "GroupUp": 0.2,
      "Explain": "对单一敌人发起连续三次攻击"
    },
    {
      "Id": 3,
      "Name": "恢复",
      "Damage": 1,
      "Energy": 2,
      "GroupUp": 0.25,
      "Explain": "回复生命"
    }
	]
}