{
  "StuffsKind": "商店物品",
  "Stuffs": [
    {    
      "Kind": 1,
      "Id": 2,
      "Name": "武器碎片",
      "Level": 1,
      "Other":"",
      "Price": 1000,
      "Explain": "武器碎片,可以拿来换钱",
      "Number": 1,
      "LoadPath": "Stuffs\\Other\\img_MF"
    },
    {    
      "Kind": 1,
      "Id": 3,
      "Name": "防具碎片",
      "Level": 3,
      "Other":"",
      "Price": 1000,
      "Explain": "防具碎片,可以拿来换钱,或者装备",
      "Number": 1,
      "LoadPath": "Stuffs\\Other\\img_MF"
    },
    {
      "Kind": 2,
      "Id": 1,
      "Name": "木剑",
      "Level": 1,
      "Other": "Attack:100;Hp:100",
      "Price": 100,
      "Explain": "一把普通的木剑,随处可见",
      "Number": 1,
      "LoadPath": "Stuffs\\Eq\\Weaponicon\\beauty_type_1002"
    },
    {
      "Kind": 2,
      "Id": 2,
      "Name": "皮甲",
      "Level": 1,
      "Other": "Attack:0;Hp:800",
      "Price": 100,
      "Explain": "一个普通的皮甲,随处可见",
      "Number": 1,
      "LoadPath": "Stuffs\\Eq\\fang\\fang_1"
    }
  ]
}