{
  "StuffsKind": "装备",
  "Stuffs": [
    {
      "Kind": 2,
      "Id": 0,
      "Name": "空",
      "Level": 1,
      "Other": "",
      "Price": 0,
      "Explain": "",
      "Number": 1,
      "LoadPath": "Stuffs\\Eq\\beautyNssBg"
    },
    {
      "Kind": 2,
      "Id": 1,
      "Name": "木剑",
      "Level": 1,
      "Other": "Attack:100;Hp:100",
      "Price": 100,
      "Explain": "一把普通的木剑，随处可见",
      "Number": 1,
      "LoadPath": "Stuffs\\Eq\\Weaponicon\\beauty_type_1002"
    },
    {
      "Kind": 2,
      "Id": 2,
      "Name": "皮甲",
      "Level": 1,
      "Other": "Attack:0;Hp:800",
      "Price": 100,
      "Explain": "一个普通的皮甲，随处可见",
      "Number": 1,
      "LoadPath": "Stuffs\\Eq\\fang\\fang_1"
    }
  ]
}