{
  "StuffsKind": "材料",
  "Stuffs": [
    {
      "Kind": 1,
      "Id": 1,
      "Name": "骰子",
      "Level": 1,
      "Other":"",
      "Price": 1,
      "Explain": "一个骰子，没什么卵用",
      "Number": 1,
      "LoadPath": "Stuffs\\Other\\img_Cake"
    },
    {    
      "Kind": 1,
      "Id": 2,
      "Name": "武器碎片",
      "Level": 3,
      "Other":"",
      "Price": 100,
      "Explain": "武器碎片，可以在商店兑换装备",
      "Number": 1,
      "LoadPath": "Stuffs\\Other\\img_MF"
    },
    {    
      "Kind": 1,
      "Id": 3,
      "Name": "防具碎片",
      "Level": 3,
      "Other":"",
      "Price": 100,
      "Explain": "防具碎片，可以在商店兑换装备",
      "Number": 1,
      "LoadPath": "Stuffs\\Other\\efc_ui_material_01"
    }
  ]
}