{
	"WordsFrom":"测试用词",
	"Words":[
		{
			"Eword":"hello",
			"Cword":"你好"
		},
		{
			"Eword":"world",
			"Cword":"世界"
		},
		{
			"Eword":"apple",
			"Cword":"苹果"
		},
		{
			"Eword":"banana",
			"Cword":"香蕉"
		},
    {
      "Eword": "fuck",
      "Cword": "艹"
    },
    {
      "Eword": "time",
      "Cword": "时间"
    },
    {
      "Eword": "human",
      "Cword": "人类"
    },
    {
      "Eword": "pig",
      "Cword": "猪"
    },
    {
      "Eword": "dog",
      "Cword": "狗"
    },
    {
      "Eword": "cat",
      "Cword": "猫"
    },
    {
      "Eword": "dance",
      "Cword": "跳舞"
    },
    {
      "Eword": "sing",
      "Cword": "唱歌"
    },
    {
      "Eword": "guitar",
      "Cword": "吉他"
    },
    {
      "Eword": "chess",
      "Cword": "国际象棋"
    },
    {
      "Eword": "speak",
      "Cword": "说话"
    },
    {
      "Eword": "join",
      "Cword": "参加"
    }
	]
}